{"1": {"random_hill_climb": {"accuracy": 0.1248, "train_time": 0.03400754928588867}, "simulated_annealing": {"accuracy": 0.124, "train_time": 0.00400090217590332}, "genetic_alg": {"accuracy": 0.6093333333333333, "train_time": 0.6191399097442627}, "back_prop": {"accuracy": 0.3797333333333333, "train_time": 0.011002779006958008}}, "10": {"random_hill_climb": {"accuracy": 0.13093333333333335, "train_time": 0.21904969215393066}, "simulated_annealing": {"accuracy": 0.1272, "train_time": 0.03200674057006836}, "genetic_alg": {"accuracy": 0.6762666666666667, "train_time": 3.216728448867798}, "back_prop": {"accuracy": 0.6109333333333333, "train_time": 0.10102319717407227}}, "100": {"random_hill_climb": {"accuracy": 0.1336, "train_time": 0.43809938430786133}, "simulated_annealing": {"accuracy": 0.12453333333333333, "train_time": 0.27906322479248047}, "genetic_alg": {"accuracy": 0.7205333333333334, "train_time": 9.150072813034058}, "back_prop": {"accuracy": 0.9312, "train_time": 0.9362213611602783}}, "1000": {"random_hill_climb": {"accuracy": 0.1336, "train_time": 0.4430997371673584}, "simulated_annealing": {"accuracy": 0.42773333333333335, "train_time": 2.6045899391174316}, "genetic_alg": {"accuracy": 0.7205333333333334, "train_time": 9.320100784301758}, "back_prop": {"accuracy": 0.9616, "train_time": 5.1171581745147705}}, "10000": {"random_hill_climb": {"accuracy": 0.1336, "train_time": 0.4741077423095703}, "simulated_annealing": {"accuracy": 0.692, "train_time": 8.303880214691162}, "genetic_alg": {"accuracy": 0.7205333333333334, "train_time": 9.55216360092163}, "back_prop": {"accuracy": 0.9616, "train_time": 5.168774366378784}}, "100000": {"random_hill_climb": {"accuracy": 0.1336, "train_time": 0.4461023807525635}, "simulated_annealing": {"accuracy": 0.692, "train_time": 8.731976985931396}, "genetic_alg": {"accuracy": 0.7205333333333334, "train_time": 9.760210514068604}, "back_prop": {"accuracy": 0.9616, "train_time": 5.284868240356445}}}