{"OneMax": {"5": {"random_hill_climb": {"1": {"fitness": "3.0", "time": 0.0}, "5": {"fitness": "4.0", "time": 0.0}, "25": {"fitness": "5.0", "time": 0.0}, "125": {"fitness": "5.0", "time": 0.0}}, "simulated_annealing": {"1": {"fitness": "2.0", "time": 0.0}, "5": {"fitness": "2.0", "time": 0.0}, "25": {"fitness": "5.0", "time": 0.0009999275207519531}, "125": {"fitness": "5.0", "time": 0.00400090217590332}}, "mimic": {"1": {"fitness": "5.0", "time": 0.017004013061523438}, "5": {"fitness": "5.0", "time": 0.062014102935791016}, "25": {"fitness": "5.0", "time": 0.12802910804748535}, "125": {"fitness": "5.0", "time": 0.13302993774414062}}, "genetic_alg": {"1": {"fitness": "5.0", "time": 0.02100515365600586}, "5": {"fitness": "5.0", "time": 0.08301877975463867}, "25": {"fitness": "5.0", "time": 0.17303872108459473}, "125": {"fitness": "5.0", "time": 0.17003870010375977}}}, "10": {"random_hill_climb": {"1": {"fitness": "7.0", "time": 0.0}, "5": {"fitness": "8.0", "time": 0.0}, "25": {"fitness": "9.0", "time": 0.0}, "125": {"fitness": "9.0", "time": 0.0}}, "simulated_annealing": {"1": {"fitness": "7.0", "time": 0.0}, "5": {"fitness": "7.0", "time": 0.0}, "25": {"fitness": "10.0", "time": 0.0010004043579101562}, "125": {"fitness": "7.0", "time": 0.003000497817993164}}, "mimic": {"1": {"fitness": "10.0", "time": 0.042009592056274414}, "5": {"fitness": "10.0", "time": 0.2180492877960205}, "25": {"fitness": "10.0", "time": 0.4681062698364258}, "125": {"fitness": "10.0", "time": 0.45510292053222656}}, "genetic_alg": {"1": {"fitness": "10.0", "time": 0.020004749298095703}, "5": {"fitness": "10.0", "time": 0.0780174732208252}, "25": {"fitness": "10.0", "time": 0.17003822326660156}, "125": {"fitness": "10.0", "time": 0.17103862762451172}}}, "20": {"random_hill_climb": {"1": {"fitness": "11.0", "time": 0.0}, "5": {"fitness": "13.0", "time": 0.0}, "25": {"fitness": "14.0", "time": 0.0010006427764892578}, "125": {"fitness": "14.0", "time": 0.0}}, "simulated_annealing": {"1": {"fitness": "11.0", "time": 0.0}, "5": {"fitness": "11.0", "time": 0.0010004043579101562}, "25": {"fitness": "15.0", "time": 0.0}, "125": {"fitness": "19.0", "time": 0.004000663757324219}}, "mimic": {"1": {"fitness": "17.0", "time": 0.15003395080566406}, "5": {"fitness": "20.0", "time": 0.8161847591400146}, "25": {"fitness": "20.0", "time": 1.8964293003082275}, "125": {"fitness": "20.0", "time": 2.1174800395965576}}, "genetic_alg": {"1": {"fitness": "16.0", "time": 0.0200042724609375}, "5": {"fitness": "19.0", "time": 0.07901811599731445}, "25": {"fitness": "20.0", "time": 0.2720613479614258}, "125": {"fitness": "20.0", "time": 0.27106165885925293}}}, "40": {"random_hill_climb": {"1": {"fitness": "19.0", "time": 0.0}, "5": {"fitness": "21.0", "time": 0.0}, "25": {"fitness": "28.0", "time": 0.0009999275207519531}, "125": {"fitness": "36.0", "time": 0.0010004043579101562}}, "simulated_annealing": {"1": {"fitness": "19.0", "time": 0.0}, "5": {"fitness": "18.0", "time": 0.0010001659393310547}, "25": {"fitness": "26.0", "time": 0.0010001659393310547}, "125": {"fitness": "34.0", "time": 0.0030007362365722656}}, "mimic": {"1": {"fitness": "30.0", "time": 0.5631277561187744}, "5": {"fitness": "40.0", "time": 3.0886993408203125}, "25": {"fitness": "40.0", "time": 11.065568447113037}, "125": {"fitness": "40.0", "time": 9.052050113677979}}, "genetic_alg": {"1": {"fitness": "30.0", "time": 0.020004749298095703}, "5": {"fitness": "33.0", "time": 0.08101820945739746}, "25": {"fitness": "40.0", "time": 0.3760850429534912}, "125": {"fitness": "40.0", "time": 0.42909717559814453}}}, "100": {"random_hill_climb": {"1": {"fitness": "56.0", "time": 0.0}, "5": {"fitness": "58.0", "time": 0.0010004043579101562}, "25": {"fitness": "66.0", "time": 0.0}, "125": {"fitness": "80.0", "time": 0.0030007362365722656}}, "simulated_annealing": {"1": {"fitness": "56.0", "time": 0.0}, "5": {"fitness": "57.0", "time": 0.0}, "25": {"fitness": "66.0", "time": 0.0010001659393310547}, "125": {"fitness": "80.0", "time": 0.0050013065338134766}}, "mimic": {"1": {"fitness": "67.0", "time": 3.5358006954193115}, "5": {"fitness": "86.0", "time": 20.88483238220215}, "25": {"fitness": "100.0", "time": 93.01784539222717}, "125": {"fitness": "100.0", "time": 98.88598990440369}}, "genetic_alg": {"1": {"fitness": "67.0", "time": 0.02200603485107422}, "5": {"fitness": "71.0", "time": 0.1000216007232666}, "25": {"fitness": "95.0", "time": 0.42609643936157227}, "125": {"fitness": "100.0", "time": 0.7801766395568848}}}}, "FlipFlop": {"5": {"random_hill_climb": {"1": {"fitness": "2.0", "time": 0.0}, "5": {"fitness": "3.0", "time": 0.0009996891021728516}, "25": {"fitness": "3.0", "time": 0.0}, "125": {"fitness": "3.0", "time": 0.0010008811950683594}}, "simulated_annealing": {"1": {"fitness": "2.0", "time": 0.0}, "5": {"fitness": "3.0", "time": 0.0}, "25": {"fitness": "4.0", "time": 0.001001119613647461}, "125": {"fitness": "4.0", "time": 0.003002166748046875}}, "mimic": {"1": {"fitness": "4.0", "time": 0.021002531051635742}, "5": {"fitness": "4.0", "time": 0.09402108192443848}, "25": {"fitness": "4.0", "time": 0.19304370880126953}, "125": {"fitness": "4.0", "time": 0.18404245376586914}}, "genetic_alg": {"1": {"fitness": "4.0", "time": 0.027005672454833984}, "5": {"fitness": "4.0", "time": 0.1000218391418457}, "25": {"fitness": "4.0", "time": 0.2140505313873291}, "125": {"fitness": "4.0", "time": 0.21404743194580078}}}, "10": {"random_hill_climb": {"1": {"fitness": "4.0", "time": 0.0010018348693847656}, "5": {"fitness": "6.0", "time": 0.0}, "25": {"fitness": "8.0", "time": 0.0009999275207519531}, "125": {"fitness": "8.0", "time": 0.002000093460083008}}, "simulated_annealing": {"1": {"fitness": "4.0", "time": 0.0}, "5": {"fitness": "6.0", "time": 0.0010006427764892578}, "25": {"fitness": "8.0", "time": 0.0030014514923095703}, "125": {"fitness": "9.0", "time": 0.00900125503540039}}, "mimic": {"1": {"fitness": "8.0", "time": 0.05901169776916504}, "5": {"fitness": "9.0", "time": 0.2830648422241211}, "25": {"fitness": "9.0", "time": 0.6711511611938477}, "125": {"fitness": "9.0", "time": 0.6601502895355225}}, "genetic_alg": {"1": {"fitness": "8.0", "time": 0.03200817108154297}, "5": {"fitness": "9.0", "time": 0.12202644348144531}, "25": {"fitness": "9.0", "time": 0.33107519149780273}, "125": {"fitness": "9.0", "time": 0.32607460021972656}}}, "20": {"random_hill_climb": {"1": {"fitness": "11.0", "time": 0.0}, "5": {"fitness": "11.0", "time": 0.0009984970092773438}, "25": {"fitness": "15.0", "time": 0.0020012855529785156}, "125": {"fitness": "15.0", "time": 0.0030007362365722656}}, "simulated_annealing": {"1": {"fitness": "11.0", "time": 0.0010001659393310547}, "5": {"fitness": "11.0", "time": 0.0}, "25": {"fitness": "14.0", "time": 0.004002571105957031}, "125": {"fitness": "16.0", "time": 0.01500082015991211}}, "mimic": {"1": {"fitness": "17.0", "time": 0.19204354286193848}, "5": {"fitness": "19.0", "time": 0.9389402866363525}, "25": {"fitness": "19.0", "time": 2.577362298965454}, "125": {"fitness": "19.0", "time": 2.558856725692749}}, "genetic_alg": {"1": {"fitness": "15.0", "time": 0.04400944709777832}, "5": {"fitness": "17.0", "time": 0.1690385341644287}, "25": {"fitness": "17.0", "time": 0.4451017379760742}, "125": {"fitness": "17.0", "time": 0.4581027030944824}}}, "40": {"random_hill_climb": {"1": {"fitness": "17.0", "time": 0.0010004043579101562}, "5": {"fitness": "19.0", "time": 0.0010001659393310547}, "25": {"fitness": "24.0", "time": 0.004000663757324219}, "125": {"fitness": "29.0", "time": 0.009003162384033203}}, "simulated_annealing": {"1": {"fitness": "17.0", "time": 0.0010001659393310547}, "5": {"fitness": "18.0", "time": 0.0020020008087158203}, "25": {"fitness": "22.0", "time": 0.005999326705932617}, "125": {"fitness": "29.0", "time": 0.02800774574279785}}, "mimic": {"1": {"fitness": "29.0", "time": 0.7221641540527344}, "5": {"fitness": "36.0", "time": 3.5608460903167725}, "25": {"fitness": "37.0", "time": 11.692650079727173}, "125": {"fitness": "37.0", "time": 12.560850381851196}}, "genetic_alg": {"1": {"fitness": "27.0", "time": 0.08301877975463867}, "5": {"fitness": "29.0", "time": 0.36808300018310547}, "25": {"fitness": "34.0", "time": 1.2122738361358643}, "125": {"fitness": "34.0", "time": 1.0952494144439697}}}, "100": {"random_hill_climb": {"1": {"fitness": "48.0", "time": 0.0009996891021728516}, "5": {"fitness": "50.0", "time": 0.0019998550415039062}, "25": {"fitness": "61.0", "time": 0.01000213623046875}, "125": {"fitness": "63.0", "time": 0.015004634857177734}}, "simulated_annealing": {"1": {"fitness": "48.0", "time": 0.0009989738464355469}, "5": {"fitness": "50.0", "time": 0.0040013790130615234}, "25": {"fitness": "58.0", "time": 0.01600360870361328}, "125": {"fitness": "74.0", "time": 0.0800180435180664}}, "mimic": {"1": {"fitness": "63.0", "time": 3.9969050884246826}, "5": {"fitness": "72.0", "time": 25.083176136016846}, "25": {"fitness": "86.0", "time": 106.19087386131287}, "125": {"fitness": "86.0", "time": 102.37892866134644}}, "genetic_alg": {"1": {"fitness": "63.0", "time": 0.1586439609527588}, "5": {"fitness": "66.0", "time": 0.500891923904419}, "25": {"fitness": "73.0", "time": 2.310701847076416}, "125": {"fitness": "91.0", "time": 6.824744462966919}}}}, "SixPeaks": {"5": {"random_hill_climb": {"1": {"fitness": "2.0", "time": 0.0}, "5": {"fitness": "2.0", "time": 0.0}, "25": {"fitness": "8.0", "time": 0.0009932518005371094}, "125": {"fitness": "8.0", "time": 0.0}}, "simulated_annealing": {"1": {"fitness": "1.0", "time": 0.0}, "5": {"fitness": "5.0", "time": 0.0}, "25": {"fitness": "5.0", "time": 0.0010118484497070312}, "125": {"fitness": "5.0", "time": 0.0}}, "mimic": {"1": {"fitness": "8.0", "time": 0.02080512046813965}, "5": {"fitness": "8.0", "time": 0.07865619659423828}, "25": {"fitness": "8.0", "time": 0.18396639823913574}, "125": {"fitness": "8.0", "time": 0.17017579078674316}}, "genetic_alg": {"1": {"fitness": "8.0", "time": 0.024110794067382812}, "5": {"fitness": "8.0", "time": 0.10614895820617676}, "25": {"fitness": "8.0", "time": 0.2077772617340088}, "125": {"fitness": "8.0", "time": 0.19328546524047852}}}, "10": {"random_hill_climb": {"1": {"fitness": "2.0", "time": 0.0}, "5": {"fitness": "2.0", "time": 0.0}, "25": {"fitness": "3.0", "time": 0.0008864402770996094}, "125": {"fitness": "3.0", "time": 0.0}}, "simulated_annealing": {"1": {"fitness": "2.0", "time": 0.0}, "5": {"fitness": "3.0", "time": 0.0}, "25": {"fitness": "16.0", "time": 0.0010187625885009766}, "125": {"fitness": "16.0", "time": 0.0009887218475341797}}, "mimic": {"1": {"fitness": "18.0", "time": 0.05153083801269531}, "5": {"fitness": "18.0", "time": 0.2689533233642578}, "25": {"fitness": "18.0", "time": 0.547626256942749}, "125": {"fitness": "18.0", "time": 0.5291309356689453}}, "genetic_alg": {"1": {"fitness": "18.0", "time": 0.024138450622558594}, "5": {"fitness": "18.0", "time": 0.09283256530761719}, "25": {"fitness": "18.0", "time": 0.20480585098266602}, "125": {"fitness": "18.0", "time": 0.20096325874328613}}}, "20": {"random_hill_climb": {"1": {"fitness": "2.0", "time": 0.0}, "5": {"fitness": "2.0", "time": 0.0}, "25": {"fitness": "5.0", "time": 0.0}, "125": {"fitness": "5.0", "time": 0.0010001659393310547}}, "simulated_annealing": {"1": {"fitness": "2.0", "time": 0.0}, "5": {"fitness": "2.0", "time": 0.0}, "25": {"fitness": "3.0", "time": 0.0010004043579101562}, "125": {"fitness": "28.0", "time": 0.005057096481323242}}, "mimic": {"1": {"fitness": "29.0", "time": 0.17861366271972656}, "5": {"fitness": "33.0", "time": 0.9790534973144531}, "25": {"fitness": "33.0", "time": 2.7493672370910645}, "125": {"fitness": "33.0", "time": 2.7873544692993164}}, "genetic_alg": {"1": {"fitness": "30.0", "time": 0.0221097469329834}, "5": {"fitness": "35.0", "time": 0.09129786491394043}, "25": {"fitness": "37.0", "time": 0.2886044979095459}, "125": {"fitness": "37.0", "time": 0.2941443920135498}}}, "40": {"random_hill_climb": {"1": {"fitness": "3.0", "time": 0.0}, "5": {"fitness": "3.0", "time": 0.0}, "25": {"fitness": "3.0", "time": 0.0}, "125": {"fitness": "3.0", "time": 0.0009891986846923828}}, "simulated_annealing": {"1": {"fitness": "3.0", "time": 0.0}, "5": {"fitness": "3.0", "time": 0.0}, "25": {"fitness": "4.0", "time": 0.0015611648559570312}, "125": {"fitness": "6.0", "time": 0.00645899772644043}}, "mimic": {"1": {"fitness": "47.0", "time": 0.6798484325408936}, "5": {"fitness": "53.0", "time": 3.705096483230591}, "25": {"fitness": "55.0", "time": 12.196619033813477}, "125": {"fitness": "55.0", "time": 12.635285139083862}}, "genetic_alg": {"1": {"fitness": "46.0", "time": 0.021813392639160156}, "5": {"fitness": "51.0", "time": 0.09038257598876953}, "25": {"fitness": "55.0", "time": 0.4587996006011963}, "125": {"fitness": "66.0", "time": 1.0252408981323242}}}, "100": {"random_hill_climb": {"1": {"fitness": "2.0", "time": 0.0}, "5": {"fitness": "2.0", "time": 0.000995635986328125}, "25": {"fitness": "2.0", "time": 0.0}, "125": {"fitness": "2.0", "time": 0.0009996891021728516}}, "simulated_annealing": {"1": {"fitness": "2.0", "time": 0.0}, "5": {"fitness": "2.0", "time": 0.0}, "25": {"fitness": "2.0", "time": 0.0010004043579101562}, "125": {"fitness": "2.0", "time": 0.004257678985595703}}, "mimic": {"1": {"fitness": "10.0", "time": 4.637892246246338}, "5": {"fitness": "18.0", "time": 24.70686674118042}, "25": {"fitness": "116.0", "time": 89.01433205604553}, "125": {"fitness": "116.0", "time": 88.19432973861694}}, "genetic_alg": {"1": {"fitness": "11.0", "time": 0.023705482482910156}, "5": {"fitness": "21.0", "time": 0.09608840942382812}, "25": {"fitness": "131.0", "time": 0.4890108108520508}, "125": {"fitness": "135.0", "time": 0.8077781200408936}}}}, "ContinuousPeaks": {"5": {"random_hill_climb": {"1": {"fitness": "7.0", "time": 0.0}, "5": {"fitness": "7.0", "time": 0.0}, "25": {"fitness": "8.0", "time": 0.0009224414825439453}, "125": {"fitness": "8.0", "time": 0.0}}, "simulated_annealing": {"1": {"fitness": "7.0", "time": 0.0}, "5": {"fitness": "8.0", "time": 0.0}, "25": {"fitness": "8.0", "time": 0.0005128383636474609}, "125": {"fitness": "8.0", "time": 0.0036034584045410156}}, "mimic": {"1": {"fitness": "8.0", "time": 0.020049333572387695}, "5": {"fitness": "8.0", "time": 0.08084750175476074}, "25": {"fitness": "8.0", "time": 0.20609092712402344}, "125": {"fitness": "8.0", "time": 0.20046448707580566}}, "genetic_alg": {"1": {"fitness": "8.0", "time": 0.023064136505126953}, "5": {"fitness": "8.0", "time": 0.10283112525939941}, "25": {"fitness": "8.0", "time": 0.2109220027923584}, "125": {"fitness": "8.0", "time": 0.2104194164276123}}}, "10": {"random_hill_climb": {"1": {"fitness": "15.0", "time": 0.0}, "5": {"fitness": "16.0", "time": 0.0}, "25": {"fitness": "16.0", "time": 0.001013040542602539}, "125": {"fitness": "16.0", "time": 0.0005166530609130859}}, "simulated_annealing": {"1": {"fitness": "15.0", "time": 0.0}, "5": {"fitness": "15.0", "time": 0.0}, "25": {"fitness": "18.0", "time": 0.0}, "125": {"fitness": "17.0", "time": 0.0013034343719482422}}, "mimic": {"1": {"fitness": "18.0", "time": 0.05140876770019531}, "5": {"fitness": "18.0", "time": 0.2578110694885254}, "25": {"fitness": "18.0", "time": 0.542304277420044}, "125": {"fitness": "18.0", "time": 0.5355713367462158}}, "genetic_alg": {"1": {"fitness": "17.0", "time": 0.02449178695678711}, "5": {"fitness": "18.0", "time": 0.10343551635742188}, "25": {"fitness": "18.0", "time": 0.2538106441497803}, "125": {"fitness": "18.0", "time": 0.24723601341247559}}}, "20": {"random_hill_climb": {"1": {"fitness": "5.0", "time": 0.0}, "5": {"fitness": "25.0", "time": 0.0009953975677490234}, "25": {"fitness": "26.0", "time": 0.0}, "125": {"fitness": "26.0", "time": 0.001001119613647461}}, "simulated_annealing": {"1": {"fitness": "5.0", "time": 0.0}, "5": {"fitness": "26.0", "time": 0.0007519721984863281}, "25": {"fitness": "28.0", "time": 0.000993967056274414}, "125": {"fitness": "35.0", "time": 0.0061414241790771484}}, "mimic": {"1": {"fitness": "33.0", "time": 0.1856064796447754}, "5": {"fitness": "36.0", "time": 0.9901459217071533}, "25": {"fitness": "36.0", "time": 2.313157558441162}, "125": {"fitness": "36.0", "time": 2.4139766693115234}}, "genetic_alg": {"1": {"fitness": "31.0", "time": 0.02829885482788086}, "5": {"fitness": "32.0", "time": 0.10325932502746582}, "25": {"fitness": "36.0", "time": 0.5282230377197266}, "125": {"fitness": "36.0", "time": 0.69966721534729}}}, "40": {"random_hill_climb": {"1": {"fitness": "5.0", "time": 0.001434326171875}, "5": {"fitness": "6.0", "time": 0.0}, "25": {"fitness": "53.0", "time": 0.0009922981262207031}, "125": {"fitness": "53.0", "time": 0.0020051002502441406}}, "simulated_annealing": {"1": {"fitness": "5.0", "time": 0.0}, "5": {"fitness": "5.0", "time": 0.0}, "25": {"fitness": "45.0", "time": 0.0020051002502441406}, "125": {"fitness": "51.0", "time": 0.008720636367797852}}, "mimic": {"1": {"fitness": "54.0", "time": 0.7675058841705322}, "5": {"fitness": "61.0", "time": 3.8857085704803467}, "25": {"fitness": "66.0", "time": 17.483472108840942}, "125": {"fitness": "66.0", "time": 17.334367752075195}}, "genetic_alg": {"1": {"fitness": "50.0", "time": 0.031109333038330078}, "5": {"fitness": "54.0", "time": 0.14239811897277832}, "25": {"fitness": "62.0", "time": 0.5791094303131104}, "125": {"fitness": "62.0", "time": 0.6421287059783936}}}, "100": {"random_hill_climb": {"1": {"fitness": "6.0", "time": 0.0}, "5": {"fitness": "6.0", "time": 0.0010001659393310547}, "25": {"fitness": "6.0", "time": 0.0}, "125": {"fitness": "6.0", "time": 0.001251220703125}}, "simulated_annealing": {"1": {"fitness": "6.0", "time": 0.0009899139404296875}, "5": {"fitness": "7.0", "time": 0.0010221004486083984}, "25": {"fitness": "9.0", "time": 0.0038428306579589844}, "125": {"fitness": "9.0", "time": 0.01678466796875}}, "mimic": {"1": {"fitness": "12.0", "time": 4.306142807006836}, "5": {"fitness": "123.0", "time": 23.842081546783447}, "25": {"fitness": "128.0", "time": 95.07203102111816}, "125": {"fitness": "128.0", "time": 94.7178897857666}}, "genetic_alg": {"1": {"fitness": "13.0", "time": 0.044127702713012695}, "5": {"fitness": "16.0", "time": 0.16147541999816895}, "25": {"fitness": "121.0", "time": 0.7626984119415283}, "125": {"fitness": "121.0", "time": 0.7528114318847656}}}}, "Queens": {"5": {"random_hill_climb": {"1": {"fitness": "5.0", "time": 0.0}, "5": {"fitness": "6.0", "time": 0.0020093917846679688}, "25": {"fitness": "6.0", "time": 0.0030202865600585938}, "125": {"fitness": "6.0", "time": 0.002997875213623047}}, "simulated_annealing": {"1": {"fitness": "5.0", "time": 0.0007386207580566406}, "5": {"fitness": "6.0", "time": 0.0016276836395263672}, "25": {"fitness": "7.0", "time": 0.008190393447875977}, "125": {"fitness": "7.0", "time": 0.014299154281616211}}, "mimic": {"1": {"fitness": "7.0", "time": 0.0937497615814209}, "5": {"fitness": "7.0", "time": 0.3283824920654297}, "25": {"fitness": "7.0", "time": 0.6209430694580078}, "125": {"fitness": "7.0", "time": 0.6355769634246826}}, "genetic_alg": {"1": {"fitness": "7.0", "time": 0.09703660011291504}, "5": {"fitness": "7.0", "time": 0.4230647087097168}, "25": {"fitness": "7.0", "time": 0.678372859954834}, "125": {"fitness": "7.0", "time": 0.6792471408843994}}}, "10": {"random_hill_climb": {"1": {"fitness": "12.0", "time": 0.0009918212890625}, "5": {"fitness": "14.0", "time": 0.0030012130737304688}, "25": {"fitness": "16.0", "time": 0.007001638412475586}, "125": {"fitness": "16.0", "time": 0.00800013542175293}}, "simulated_annealing": {"1": {"fitness": "12.0", "time": 0.0010006427764892578}, "5": {"fitness": "14.0", "time": 0.003000497817993164}, "25": {"fitness": "16.0", "time": 0.014005422592163086}, "125": {"fitness": "17.0", "time": 0.06006669998168945}}, "mimic": {"1": {"fitness": "16.0", "time": 0.1867201328277588}, "5": {"fitness": "17.0", "time": 0.6729650497436523}, "25": {"fitness": "17.0", "time": 1.6981010437011719}, "125": {"fitness": "17.0", "time": 1.5672574043273926}}, "genetic_alg": {"1": {"fitness": "16.0", "time": 0.1663069725036621}, "5": {"fitness": "17.0", "time": 0.5054237842559814}, "25": {"fitness": "17.0", "time": 1.2869510650634766}, "125": {"fitness": "17.0", "time": 1.296546459197998}}}, "20": {"random_hill_climb": {"1": {"fitness": "29.0", "time": 0.001999378204345703}, "5": {"fitness": "29.0", "time": 0.004000425338745117}, "25": {"fitness": "33.0", "time": 0.021448850631713867}, "125": {"fitness": "33.0", "time": 0.02301645278930664}}, "simulated_annealing": {"1": {"fitness": "29.0", "time": 0.002007007598876953}, "5": {"fitness": "29.0", "time": 0.006901979446411133}, "25": {"fitness": "32.0", "time": 0.026198148727416992}, "125": {"fitness": "34.0", "time": 0.11266946792602539}}, "mimic": {"1": {"fitness": "35.0", "time": 0.4518108367919922}, "5": {"fitness": "37.0", "time": 1.7381341457366943}, "25": {"fitness": "37.0", "time": 4.44035530090332}, "125": {"fitness": "37.0", "time": 4.328772783279419}}, "genetic_alg": {"1": {"fitness": "33.0", "time": 0.26807188987731934}, "5": {"fitness": "34.0", "time": 0.8091073036193848}, "25": {"fitness": "36.0", "time": 2.9278903007507324}, "125": {"fitness": "36.0", "time": 2.8807694911956787}}}, "40": {"random_hill_climb": {"1": {"fitness": "55.0", "time": 0.0020003318786621094}, "5": {"fitness": "57.0", "time": 0.00800180435180664}, "25": {"fitness": "62.0", "time": 0.03200721740722656}, "125": {"fitness": "67.0", "time": 0.06501460075378418}}, "simulated_annealing": {"1": {"fitness": "55.0", "time": 0.004001140594482422}, "5": {"fitness": "56.0", "time": 0.012003183364868164}, "25": {"fitness": "60.0", "time": 0.0510103702545166}, "125": {"fitness": "67.0", "time": 0.25705885887145996}}, "mimic": {"1": {"fitness": "67.0", "time": 1.10325026512146}, "5": {"fitness": "74.0", "time": 4.7302093505859375}, "25": {"fitness": "75.0", "time": 14.454146146774292}, "125": {"fitness": "75.0", "time": 14.680848121643066}}, "genetic_alg": {"1": {"fitness": "65.0", "time": 0.4631049633026123}, "5": {"fitness": "70.0", "time": 1.3943159580230713}, "25": {"fitness": "70.0", "time": 3.787318229675293}, "125": {"fitness": "70.0", "time": 3.7798895835876465}}}, "100": {"random_hill_climb": {"1": {"fitness": "146.0", "time": 0.0060002803802490234}, "5": {"fitness": "148.0", "time": 0.020004749298095703}, "25": {"fitness": "159.0", "time": 0.09302377700805664}, "125": {"fitness": "161.0", "time": 0.12784576416015625}}, "simulated_annealing": {"1": {"fitness": "146.0", "time": 0.009003162384033203}, "5": {"fitness": "148.0", "time": 0.03100895881652832}, "25": {"fitness": "156.0", "time": 0.12603378295898438}, "125": {"fitness": "172.0", "time": 0.5783181190490723}}, "mimic": {"1": {"fitness": "161.0", "time": 4.845287084579468}, "5": {"fitness": "170.0", "time": 26.73901677131653}, "25": {"fitness": "184.0", "time": 116.32413268089294}, "125": {"fitness": "184.0", "time": 110.07973670959473}}, "genetic_alg": {"1": {"fitness": "161.0", "time": 1.196289300918579}, "5": {"fitness": "162.0", "time": 3.699065685272217}, "25": {"fitness": "165.0", "time": 11.649106979370117}, "125": {"fitness": "165.0", "time": 11.682034969329834}}}}}